idx,seq,len,file,id,moltype,confidence,eps,outlier_num,outlier_idx,outlier_f1,cluster_id,cluster_center,cluster_std,cluster_min,cluster_max,ppmat,ctmat,ct,dbn
1,GCUGAAUUAGCUCAGUUGGUAGAGCGCUUCCCUCGUAAAGAAGAGGUCGCCAGUUCGAUCCUGGCAUUCAGCA,73,metafam2d_nr80_test_p1.fasta,00000035169_tdbD00010710,,0.999986,0.473131,1,[8],[ 0.517213],tRNA,0.999998,0.000004,0.999990,1.000000,"[[ 0.000000  0.000000  0.000000 ...  0.000000  0.999998  0.000000]
 [ 0.000000  0.000000  0.000000 ...  0.999998  0.000000  0.000000]
 [ 0.000000  0.000000  0.000000 ...  0.000000  0.000000  0.000000]
 ...
 [ 0.000000  0.999998  0.000000 ...  0.000000  0.000000  0.000000]
 [ 0.999998  0.000000  0.000000 ...  0.000000  0.000000  0.000000]
 [ 0.000000  0.000000  0.000000 ...  0.000000  0.000000  0.000000]]","[[0 0 0 ... 0 1 0]
 [0 0 0 ... 1 0 0]
 [0 0 0 ... 0 0 0]
 ...
 [0 1 0 ... 0 0 0]
 [1 0 0 ... 0 0 0]
 [0 0 0 ... 0 0 0]]","[[ 1 72]
 [ 2 71]
 [ 3 70]
 [ 4 69]
 [ 5 68]
 [ 6 67]
 [ 7 66]
 [10 25]
 [11 24]
 [12 23]
 [13 22]
 [27 43]
 [28 42]
 [29 41]
 [30 40]
 [49 65]
 [50 64]
 [51 63]
 [52 62]
 [53 61]]",(((((((..((((........)))).((((.........)))).....(((((.......)))))))))))).
2,CGUUUGGGUCCUGCGCAACGGGACCCCGUGAACCUUGUCAGGUCCGGAAGGAAGCAGCAAUAAGCGGGUCUUCUCGUGUGCCGCAGGAGUGCCUGAACCGAGC,103,metafam2d_nr80_test_p1.fasta,00000024739_Baci.anth._AE017024,,0.867711,0.500000,1,[5],[ 0.085657],SRP,0.965457,0.034941,0.896188,0.999999,"[[ 0.000000  0.000000  0.000000 ...  0.000000  0.000119  0.000000]
 [ 0.000000  0.000000  0.000000 ...  0.000000  0.000000  0.000245]
 [ 0.000000  0.000000  0.000000 ...  0.000003  0.000136  0.000000]
 ...
 [ 0.000000  0.000000  0.000003 ...  0.000000  0.000000  0.000000]
 [ 0.000119  0.000000  0.000136 ...  0.000000  0.000000  0.000003]
 [ 0.000000  0.000245  0.000000 ...  0.000000  0.000003  0.000000]]","[[0 0 0 ... 0 0 0]
 [0 0 0 ... 0 0 0]
 [0 0 0 ... 0 0 0]
 ...
 [0 0 0 ... 0 0 0]
 [0 0 0 ... 0 0 0]
 [0 0 0 ... 0 0 0]]","[[ 2 98]
 [ 3 97]
 [ 4 96]
 [ 5 95]
 [ 6 94]
 [ 7 93]
 [ 8 92]
 [ 9 91]
 [10 87]
 [11 86]
 [12 85]
 [13 84]
 [14 83]
 [15 82]
 [16 78]
 [17 77]
 [19 76]
 [20 75]
 [21 74]
 [22 73]
 [23 69]
 [23 72]
 [24 68]
 [25 67]
 [26 66]
 [28 65]
 [29 64]
 [35 60]
 [36 59]
 [37 58]
 [38 57]
 [43 52]
 [44 51]
 [45 50]]",.((((((((((((((((.((((((((.((.....((((....(((....)))....))))...))))))..)))))))...))))))...)))))))).....
3,GAGGUUGUAGCUCAGACGGAUAGAGCAAGCGCCUCCUAAGCGCUGGGCCGCCGGUUCGACUCCGGCCAACCUCG,74,metafam2d_nr80_test_p1.fasta,00000028075_tdbD00002465,,0.999991,0.291876,1,[8],[ 0.702167],tRNA,0.999998,0.000003,0.999993,1.000000,"[[ 0.000000  0.000000  0.000000 ...  0.000000  0.999998  0.000000]
 [ 0.000000  0.000000  0.000000 ...  0.999998  0.000000  0.000000]
 [ 0.000000  0.000000  0.000000 ...  0.000000  0.000000  0.000000]
 ...
 [ 0.000000  0.999998  0.000000 ...  0.000000  0.000000  0.000000]
 [ 0.999998  0.000000  0.000000 ...  0.000000  0.000000  0.000000]
 [ 0.000000  0.000000  0.000000 ...  0.000000  0.000000  0.000000]]","[[0 0 0 ... 0 1 0]
 [0 0 0 ... 1 0 0]
 [0 0 0 ... 0 0 0]
 ...
 [0 1 0 ... 0 0 0]
 [1 0 0 ... 0 0 0]
 [0 0 0 ... 0 0 0]]","[[ 1 73]
 [ 2 72]
 [ 3 71]
 [ 4 70]
 [ 5 69]
 [ 6 68]
 [ 7 67]
 [10 26]
 [11 25]
 [12 24]
 [13 23]
 [28 44]
 [29 43]
 [30 42]
 [31 41]
 [32 40]
 [50 66]
 [51 65]
 [52 64]
 [53 63]
 [54 62]]",(((((((..((((.........)))).(((((.......))))).....(((((.......)))))))))))).
4,GGGGGAAUAGUUUAAUGGUAGAACAACGGUCUUCAAAAUCGUUAGCGUGGGUUCGAUUCCUGCUUCUCUCGCCA,74,metafam2d_nr80_test_p1.fasta,00000040510_tRNA_tdbR00000488-Tetrahymena_thermophila-5911-Trp-!CA,,0.999992,0.289762,1,[8],[ 0.704324],tRNA,0.999998,0.000002,0.999994,1.000000,"[[ 0.000000  0.000000  0.000000 ...  0.000000  0.000000  0.000000]
 [ 0.000000  0.000000  0.000000 ...  0.000000  0.000000  0.000000]
 [ 0.000000  0.000000  0.000000 ...  0.000000  0.000000  0.000000]
 ...
 [ 0.000000  0.000000  0.000000 ...  0.000000  0.000000  0.000000]
 [ 0.000000  0.000000  0.000000 ...  0.000000  0.000000  0.000000]
 [ 0.000000  0.000000  0.000000 ...  0.000000  0.000000  0.000000]]","[[0 0 0 ... 0 0 0]
 [0 0 0 ... 0 0 0]
 [0 0 0 ... 0 0 0]
 ...
 [0 0 0 ... 0 0 0]
 [0 0 0 ... 0 0 0]
 [0 0 0 ... 0 0 0]]","[[ 1 70]
 [ 2 69]
 [ 3 68]
 [ 4 67]
 [ 5 66]
 [ 6 65]
 [ 7 64]
 [10 24]
 [11 23]
 [12 22]
 [13 21]
 [25 43]
 [26 42]
 [27 41]
 [28 40]
 [29 39]
 [30 38]
 [47 63]
 [48 62]
 [49 61]
 [50 60]
 [51 59]]",(((((((..((((.......))))((((((.......))))))...(((((.......))))))))))))....
5,GCCCUUGUAGCUCAGCUGGUAGAGCAGCGGUUUUGUAAACCGAAGGUCGGCGGUUCGAUUCCGUCCGGGGGCACCA,76,metafam2d_nr80_test_p1.fasta,00000034873_tdbD00010414,,0.999969,0.500000,1,[8],[ 0.427678],tRNA,0.999995,0.000009,0.999979,1.000000,"[[ 0.000000  0.000000  0.000000 ...  0.000000  0.000000  0.000000]
 [ 0.000000  0.000000  0.000000 ...  0.000000  0.000000  0.000000]
 [ 0.000000  0.000000  0.000000 ...  0.000000  0.000000  0.000000]
 ...
 [ 0.000000  0.000000  0.000000 ...  0.000000  0.000000  0.000000]
 [ 0.000000  0.000000  0.000000 ...  0.000000  0.000000  0.000000]
 [ 0.000000  0.000000  0.000000 ...  0.000000  0.000000  0.000000]]","[[0 0 0 ... 0 0 0]
 [0 0 0 ... 0 0 0]
 [0 0 0 ... 0 0 0]
 ...
 [0 0 0 ... 0 0 0]
 [0 0 0 ... 0 0 0]
 [0 0 0 ... 0 0 0]]","[[ 1 72]
 [ 2 71]
 [ 3 70]
 [ 4 69]
 [ 5 68]
 [ 6 67]
 [ 7 66]
 [10 25]
 [11 24]
 [12 23]
 [13 22]
 [28 42]
 [29 41]
 [30 40]
 [31 39]
 [49 65]
 [50 64]
 [51 63]
 [52 62]
 [53 61]]",(((((((..((((........))))..((((.......))))......(((((.......))))))))))))....
6,GACGACGACCAUAACAUCGGGGAAAUACCAGGUCCCAUUCCGAACCCGACGGUGAAGCCCGAUGUGUUUCAUGUGGUACUGUCUUCCGCGAGGGGAUGGGAAGCAUGAUUCGUUGUCGUUA,121,metafam2d_nr80_test_p1.fasta,00000012759_A00152,,0.997001,0.500000,1,[2],[ 0.339636],5S-rRNA,0.999546,0.000850,0.997960,1.000000,"[[ 0.000000  0.000000  0.000000 ...  0.000078  0.998810  0.000000]
 [ 0.000000  0.000000  0.000000 ...  0.997967  0.000129  0.000000]
 [ 0.000000  0.000000  0.000000 ...  0.000000  0.000000  0.000000]
 ...
 [ 0.000078  0.997967  0.000000 ...  0.000000  0.000000  0.000000]
 [ 0.998810  0.000129  0.000000 ...  0.000000  0.000000  0.000000]
 [ 0.000000  0.000000  0.000000 ...  0.000000  0.000000  0.000000]]","[[0 0 0 ... 0 1 0]
 [0 0 0 ... 1 0 0]
 [0 0 0 ... 0 0 0]
 ...
 [0 1 0 ... 0 0 0]
 [1 0 0 ... 0 0 0]
 [0 0 0 ... 0 0 0]]","[[  1 120]
 [  2 119]
 [  3 118]
 [  4 117]
 [  5 116]
 [  6 115]
 [  7 114]
 [  8 113]
 [  9 112]
 [ 14  65]
 [ 15  64]
 [ 16  63]
 [ 17  62]
 [ 18  61]
 [ 19  60]
 [ 20  59]
 [ 27  53]
 [ 28  52]
 [ 31  47]
 [ 32  46]
 [ 69 108]
 [ 70 107]
 [ 71 106]
 [ 72 105]
 [ 73 104]
 [ 79  99]
 [ 80  98]
 [ 81  97]
 [ 82  96]
 [ 83  95]
 [ 84  94]
 [ 86  93]
 [ 87  92]]",(((((((((....(((((((......((..((.............))....)).....)))))))...(((((.....((((((.((....))))))))....)))))...))))))))).
7,UUGUUGCAGGACAUUCAACCCAUGCUGUUGACGCCAGAGAUAGUAGGGCAGUUGCUUUUUGUGCAAUUGUUAUGCCUGCUAGUCGAGCAAUCAUUCAAUUGAACGGGCUGAUUGCCGGCAAGACAACCUGGUACGGGGAAGGCCUUCACUACUAUGGGCUAAUCCCGUGACGAGCUUGCAAAGGGUGACUUUUGUAAGCCGUUGUUACGCACGGUAAGGUGUCGGCUGACUCCAUUGUUAAAAAGCUCGU,250,metafam2d_nr80_test_p1.fasta,00000027113_Soo.S568,,0.800766,0.457018,1,[3],[ 0.470927],gpI-intron,0.931289,0.048665,0.816036,0.999999,"[[ 0.000000  0.000000  0.000000 ...  0.000000  0.000001  0.000000]
 [ 0.000000  0.000000  0.000000 ...  0.000000  0.000000  0.000000]
 [ 0.000000  0.000000  0.000000 ...  0.000002  0.000000  0.000002]
 ...
 [ 0.000000  0.000000  0.000002 ...  0.000000  0.000000  0.000000]
 [ 0.000001  0.000000  0.000000 ...  0.000000  0.000000  0.000000]
 [ 0.000000  0.000000  0.000002 ...  0.000000  0.000000  0.000000]]","[[0 0 0 ... 0 0 0]
 [0 0 0 ... 0 0 0]
 [0 0 0 ... 0 0 0]
 ...
 [0 0 0 ... 0 0 0]
 [0 0 0 ... 0 0 0]
 [0 0 0 ... 0 0 0]]","[[ 41  81]
 [ 42  80]
 [ 43  79]
 [ 44  78]
 [ 45  77]
 [ 46  76]
 [ 47  75]
 [ 48  70]
 [ 49  69]
 [ 50  68]
 [ 51  67]
 [ 52  66]
 [ 53  65]
 [ 54  64]
 [ 55  63]
 [ 82 119]
 [ 83 118]
 [ 84 117]
 [ 85 116]
 [ 87 115]
 [ 88 114]
 [ 89 113]
 [ 90 112]
 [ 91 111]
 [ 92 110]
 [ 93 109]
 [122 223]
 [123 222]
 [124 221]
 [125 220]
 [127 219]
 [128 218]
 [129 217]
 [133 168]
 [134 167]
 [135 166]
 [136 165]
 [137 164]
 [138 163]
 [141 160]
 [142 159]
 [143 158]
 [144 157]
 [145 156]
 [169 203]
 [170 202]
 [171 201]
 [172 200]
 [174 199]
 [175 198]
 [176 197]
 [177 196]
 [178 195]
 [179 194]
 [180 193]
 [181 192]
 [182 191]
 [183 190]
 [184 189]]",........................................(((((((((((((((.......))))))))....)))))))((((.(((((((...............)))))))))))..((((.(((...((((((..(((((..........)))))..))))))((((.(((((((((((....))))))))))))))).............)))))))...........................
8,GGGUUGAGGAUGGCGCCCCCGGGUCGGGCAGUGGUCUUUUUUGUUCUAACCCUAACUGGCAAGGGCGUAGGUGCUGUGCUUUUGUUCCCCGCGCGUUGUUUUUCUCGCUGACUUUCAGCGGGCGGGAAAAGCCCUGGCCUACCGCCGUCUACCGAUAGUUUGGAGCAAACAAAAAAAUGUCAGCCGCUGGCCGCUCACCCCUCCCGGGAACCUGUGGUGGCUCGCCCGCCCAGCCCCGCGCCCCGCCUGGAGGCCGCGGUCGGCCUGGGGCUUCUCCGGAGGUUCCCAUUGCCGCCGCGAAGAGUUAGGCUCUGUCAGCCGCGGGUCCUGCGGGAACCAAGGGCGAGGCUUAGGCCUCCUGAACGCAGGGAGAGAAAUGGAGCGAUUCCCCGAGUACGUGUGCUUCCCUGAGUUGUGGGAUGUGCGUCCGGGACUCAGCUCCGACAGGU,449,metafam2d_nr80_test_p1.fasta,00000036493_AF221923.106-554.seq,,0.457522,0.500000,1,[6],[ 0.361903],TERC,0.662250,0.101619,0.496570,0.875366,"[[ 0.000000  0.000000  0.000000 ...  0.000000  0.000000  0.000000]
 [ 0.000000  0.000000  0.000000 ...  0.000000  0.000000  0.000000]
 [ 0.000000  0.000000  0.000000 ...  0.000000  0.000000  0.000000]
 ...
 [ 0.000000  0.000000  0.000000 ...  0.000000  0.000000  0.000000]
 [ 0.000000  0.000000  0.000000 ...  0.000000  0.000000  0.000000]
 [ 0.000000  0.000000  0.000000 ...  0.000000  0.000000  0.000000]]","[[0 0 0 ... 0 0 0]
 [0 0 0 ... 0 0 0]
 [0 0 0 ... 0 0 0]
 ...
 [0 0 0 ... 0 0 0]
 [0 0 0 ... 0 0 0]
 [0 0 0 ... 0 0 0]]","[[ 18 208]
 [ 19 207]
 [ 20 206]
 [ 21 205]
 [ 22 204]
 [ 23 203]
 [ 26 200]
 [ 27 199]
 [ 28 198]
 [ 30 195]
 [ 31 194]
 [ 32 193]
 [ 34 191]
 [ 36 189]
 [ 64 146]
 [ 65 145]
 [ 66 144]
 [ 67 142]
 [ 68 141]
 [ 69 140]
 [ 70 139]
 [ 71 138]
 [ 72 137]
 [ 78 132]
 [ 79 131]
 [ 80 130]
 [ 81 129]
 [ 82 128]
 [ 83 127]
 [ 88 126]
 [ 89 125]
 [ 90 124]
 [ 91 123]
 [ 92 122]
 [ 94 120]
 [ 95 119]
 [ 96 118]
 [ 97 117]
 [ 98 116]
 [107 184]
 [108 183]
 [109 182]
 [110 181]
 [111 180]
 [112 179]
 [113 177]
 [114 176]
 [115 175]
 [211 369]
 [212 368]
 [213 367]
 [214 366]
 [215 365]
 [216 364]
 [224 349]
 [225 348]
 [226 347]
 [227 345]
 [228 344]
 [230 342]
 [231 341]
 [235 334]
 [236 333]
 [237 332]
 [238 331]
 [239 330]
 [240 329]
 [242 325]
 [243 324]
 [244 323]
 [245 322]
 [246 321]
 [255 299]
 [256 298]
 [257 297]
 [258 296]
 [259 295]
 [261 294]
 [262 293]
 [263 292]
 [264 291]
 [266 288]
 [267 287]
 [268 286]
 [269 285]
 [270 284]
 [271 282]
 [272 281]
 [273 280]
 [274 279]
 [301 313]
 [302 312]
 [303 311]
 [304 310]
 [305 309]
 [345 358]
 [346 357]
 [347 356]
 [348 355]
 [349 354]
 [379 442]
 [380 441]
 [381 440]
 [382 439]
 [383 438]
 [387 433]
 [388 432]
 [389 431]
 [400 425]
 [401 424]
 [402 423]
 [403 422]
 [405 420]
 [406 419]
 [407 418]
 [408 417]]",.................((((((..(((.(((.(.(...........................(((((((((.....((((((....(((((.(((((........((((((((())))).)))))))))))....)))))).)))............................))).))))))....).).)))..)))..))))))..((((((.......(((((.((...((((((.(((((........(((((.((((.(((((((((....)))).)))))..))))))))).(((((...))))).......)))))...))))))......)).))()))....))))).....)))))).........(((((...(((..........((((.((((........)))).)))).....)))....))))).......
9,CUCUAGGGAUAGUUUAUUUUGUCCCCUCUUAGGGUGACCUAAGAGUAAAAUAACUGGGUGAAUUGUCAAGAAAGACUGCGACUUGUAACACAAGAAGUCAACUUGCAGCCAAGCUUUGCUAAAUUCAUAGUNNNNNGCUAAUAGCACUGAAGGUUCAACGACUAGGGCUUGAGUAGAAUUAAACAAUAAUAGCCCCACGAGCGCCCAGCAACUUAUUAUUNNNNNAGUAUUAUAAGUUGAAGACAUAGUCUCAGCUUUAUGGUGCUUAACAUAAAGAAAUAGCUNNNNNAGCUAUUGUAAGAUUCUGAACAGGCUGA,317,metafam2d_nr80_test_p1.fasta,00000025111_Cec.cL2449_p1,,0.905268,0.500000,1,[3],[ 0.452550],gpI-intron,0.962366,0.020053,0.913156,0.988884,"[[ 0.000000  0.000000  0.000000 ...  0.000000  0.000019  0.000000]
 [ 0.000000  0.000000  0.000000 ...  0.000000  0.000000  0.000008]
 [ 0.000000  0.000000  0.000000 ...  0.000000  0.000007  0.000000]
 ...
 [ 0.000000  0.000000  0.000000 ...  0.000000  0.000000  0.000000]
 [ 0.000019  0.000000  0.000007 ...  0.000000  0.000000  0.000000]
 [ 0.000000  0.000008  0.000000 ...  0.000000  0.000000  0.000000]]","[[0 0 0 ... 0 0 0]
 [0 0 0 ... 0 0 0]
 [0 0 0 ... 0 0 0]
 ...
 [0 0 0 ... 0 0 0]
 [0 0 0 ... 0 0 0]
 [0 0 0 ... 0 0 0]]","[[  6  25]
 [  7  24]
 [  8  23]
 [  9  22]
 [ 10  21]
 [ 11  20]
 [ 12  19]
 [ 26  45]
 [ 27  44]
 [ 28  43]
 [ 29  42]
 [ 30  41]
 [ 31  40]
 [ 32  39]
 [ 33  38]
 [ 54 208]
 [ 55 207]
 [ 56 206]
 [ 57 205]
 [ 58 204]
 [ 59 203]
 [ 60 202]
 [ 64 107]
 [ 65 106]
 [ 67 105]
 [ 68 104]
 [ 69 103]
 [ 70 102]
 [ 74  99]
 [ 75  98]
 [ 76  97]
 [ 77  96]
 [ 82  94]
 [ 83  93]
 [ 84  92]
 [ 85  91]
 [ 86  90]
 [108 154]
 [109 153]
 [110 152]
 [114 149]
 [117 146]
 [118 145]
 [119 144]
 [120 143]
 [121 142]
 [128 140]
 [129 139]
 [130 138]
 [131 137]
 [158 251]
 [160 250]
 [161 249]
 [162 248]
 [163 247]
 [164 246]
 [165 195]
 [166 194]
 [167 193]
 [168 192]
 [169 191]
 [209 239]
 [210 238]
 [211 237]
 [212 236]
 [213 235]
 [214 234]
 [215 233]
 [216 232]
 [217 229]
 [218 228]
 [219 227]
 [220 226]
 [252 301]
 [253 306]
 [254 305]
 [255 276]
 [256 275]
 [257 274]
 [258 273]
 [259 272]
 [260 271]
 [261 270]
 [278 296]
 [279 295]
 [280 294]
 [281 293]
 [282 292]
 [283 291]
 [284 290]]",.....(((((((......)))))))((((((((....))))))))........(((((((...((.((((...((((....(((((...))))).))))..))))))(((...(..(((((......((((.....)))).)))))..)..)))...(.((((((((((.....................)))))......)))))))((((((((((((.....))))..))))))))......))))))((((((((((........))))))).(((((((.....)))))))....)...))...........
10,GGGCCUCUAGCUCAUGCUUGGUUAGAGCAGCGGACUCAUAAUCCGUUGGUGCUGGGUUCGACUCCCAGGGGGCCCACCA,79,metafam2d_nr80_test_p1.fasta,00000027678_tdbD00001184,,0.891845,0.248255,1,[8],[ 0.728985],tRNA,0.969426,0.027380,0.936164,1.000000,"[[ 0.000000  0.000000  0.000000 ...  0.000000  0.000000  0.000000]
 [ 0.000000  0.000000  0.000000 ...  0.000000  0.000000  0.000000]
 [ 0.000000  0.000000  0.000000 ...  0.000000  0.000000  0.000000]
 ...
 [ 0.000000  0.000000  0.000000 ...  0.000000  0.000000  0.000000]
 [ 0.000000  0.000000  0.000000 ...  0.000000  0.000000  0.000000]
 [ 0.000000  0.000000  0.000000 ...  0.000000  0.000000  0.000000]]","[[0 0 0 ... 0 0 0]
 [0 0 0 ... 0 0 0]
 [0 0 0 ... 0 0 0]
 ...
 [0 0 0 ... 0 0 0]
 [0 0 0 ... 0 0 0]
 [0 0 0 ... 0 0 0]]","[[ 1 75]
 [ 2 74]
 [ 3 73]
 [ 4 72]
 [ 5 71]
 [ 6 70]
 [ 7 69]
 [10 28]
 [11 27]
 [12 26]
 [13 25]
 [29 47]
 [30 46]
 [31 45]
 [32 44]
 [33 43]
 [34 42]
 [52 68]
 [53 67]
 [54 66]
 [55 65]
 [56 64]]",(((((((..((((...........))))((((((.......))))))....(((((.......))))))))))))....
